,
,
data_traditional.tif,
Emission wavelength,500 nm
NA,1.35
Refraction index,1.33
Voxel size,116 nm x 116 nm x 116 nm
Bead diameter,100 nm
,
Frame size,10 pixels
Threshold,1306
,
Theoretical FWHM in XY,190 nm
Theoratical FWHM in Z,642 nm
,
HeatMap Statistics,
FWHM min,285 nm +/- 4 nm
FWHMmin / Theoretical FWHMxy,1.504 +/- 0.019
FWHM max,315 nm +/- 7 nm
FWHMmax / Theoretical FWHMxy,1.66 +/- 0.04
FWHM z,857 nm +/- 44 nm
FWHMz / Theoretical FWHMz,1.334 +/- 0.068
z0,+/- 2.35 um
(z0 - mean(z0)) / FWHMz,+/- 3.658
Asymmetry,0.917 +/- 0.024
Theta,-33.1 deg +/- 8.4 deg
,

Bead Id,x0 (um),y0 (um),z0 (um),FWHM min (um),FWHM max (um),FWHM z (um),z0 - mean(z0) (um),Asymmetry,Theta (degrees),R^2 FWHM min/max,R^2 FWHMz,Fit valid,Centroid brightness,Fitted Brightness(A),Fitted background(B),Image name
1,55.468,13.491,1.298,0.308,0.337,0.858,-12.62,0.914,-41.601,0.977,0.977,1,6011,5995.131,214.44,data_traditional
2,56.412,-18.927,1.274,0.293,0.338,0.818,-12.644,0.868,-32.373,0.976,0.999,1,6757,7079.113,211.96,data_traditional
3,8.81,10.855,1.514,0.294,0.364,0.895,-12.403,0.808,-21.497,0.988,0.99,1,7780,8374.147,193.939,data_traditional
4,53.733,-18.372,1.386,0.287,0.333,0.819,-12.532,0.861,-35.731,0.97,0.999,1,7379,7705.845,251.065,data_traditional
5,-10.62,-6.992,1.554,0.284,0.343,0.886,-12.364,0.828,-26.576,0.978,0.999,1,6812,7703.387,243.518,data_traditional
6,-32.732,-14.918,1.548,0.288,0.364,0.86,-12.37,0.791,-19.033,0.98,0.999,1,6245,7186.057,205.814,data_traditional
7,-22.948,22.323,5.741,0.272,0.374,0.749,-8.177,0.726,-25.552,0.988,0.998,1,9281,11203.383,280.97,data_traditional
8,-50.961,11.49,1.663,0.295,0.388,0.814,-12.255,0.76,-14.028,0.987,0.998,1,4307,4923.924,153.313,data_traditional
9,-33.945,4.97,1.655,0.291,0.371,0.866,-12.263,0.784,-23.861,0.983,0.998,1,5011,5351.815,169.864,data_traditional
10,-9.624,-1.005,1.698,0.286,0.344,0.79,-12.219,0.833,-25.395,0.982,0.994,1,9236,8948.944,217.207,data_traditional
11,-43.152,-1.714,1.676,0.294,0.382,0.813,-12.242,0.769,-15.069,0.986,0.991,1,5439,7475.538,186.997,data_traditional
12,-43.54,-24.173,1.619,0.291,0.381,0.948,-12.298,0.762,-8.065,0.978,0.998,1,4921,5234.443,189.422,data_traditional
13,45.262,19.057,1.82,0.294,0.322,0.772,-12.098,0.914,-42.774,0.983,0.999,1,10651,10426.916,269.493,data_traditional
14,-26.935,-13.618,1.761,0.295,0.36,0.836,-12.157,0.818,-17.335,0.982,0.997,1,5677,6743.307,197.365,data_traditional
15,50.729,-2.002,1.801,0.289,0.33,0.84,-12.117,0.875,-30.016,0.977,0.979,1,7133,6828.564,214.121,data_traditional
16,28.341,-18.503,1.996,0.29,0.34,0.835,-11.921,0.853,-38.647,0.978,0.999,1,12765,15298.598,337.664,data_traditional
17,-4.847,-18.995,1.928,0.297,0.335,0.791,-11.99,0.888,-24.55,0.983,0.999,1,9487,10020.871,217.837,data_traditional
18,-50.799,17.533,1.994,0.292,0.385,0.834,-11.924,0.758,-15.681,0.986,0.998,1,5374,5352.364,162.7,data_traditional
19,24.605,15.741,2.174,0.288,0.336,0.799,-11.744,0.857,-36.565,0.984,0.996,1,12932,12920.724,244.84,data_traditional
20,21.837,-1.452,2.109,0.285,0.327,0.841,-11.809,0.872,-30.835,0.98,0.999,1,12134,14690.631,309.144,data_traditional
21,-9.602,-1.004,1.56,0.286,0.351,1.026,-12.358,0.815,-26.68,0.972,0.974,0,4936,7520.849,349.524,data_traditional
22,22.347,-6.709,2.122,0.291,0.334,0.756,-11.796,0.871,-41.013,0.982,0.999,1,13859,15298.717,275.486,data_traditional
23,-16.871,-24.166,2.057,0.296,0.376,0.822,-11.861,0.787,-35.988,0.987,0.993,1,8099,10393.897,216.792,data_traditional
24,30.849,-25.024,2.287,0.284,0.334,0.699,-11.631,0.85,-32.209,0.973,0.995,1,12953,12044.449,308.559,data_traditional
25,-52.09,4.715,2.41,0.291,0.39,0.843,-11.508,0.744,-12.926,0.988,0.986,1,6763,7021.939,169.046,data_traditional
26,-39.624,-13.183,2.351,0.29,0.365,0.814,-11.567,0.794,-14.251,0.978,0.999,1,5492,6212.196,200.839,data_traditional
27,32.682,9.65,2.491,0.275,0.327,0.704,-11.427,0.84,-55.515,0.979,0.996,1,11429,12775.978,323.105,data_traditional
28,6.505,-16.739,2.47,0.284,0.327,0.775,-11.448,0.869,-34.716,0.984,0.999,1,8284,9127.289,194.715,data_traditional
29,-26.329,12.748,2.72,0.285,0.355,0.769,-11.198,0.804,-25.612,0.98,0.993,1,10436,10987.779,272.904,data_traditional
30,39.247,-3.098,2.693,0.278,0.32,0.756,-11.224,0.87,-45.062,0.98,0.999,1,12751,14428.655,307.47,data_traditional
31,55.476,-9.973,2.616,0.288,0.332,0.745,-11.302,0.868,-23.069,0.977,0.998,1,11418,11086.673,271.001,data_traditional
32,-12.936,-25.375,2.673,0.299,0.337,0.816,-11.245,0.887,-25.342,0.978,0.998,1,9746,11645.05,282.642,data_traditional
33,43.6,-0.286,2.767,0.311,0.357,0.731,-11.151,0.872,-39.143,0.961,0.983,1,7856,9755.269,243.206,data_traditional
34,33.021,-17.194,2.764,0.278,0.328,0.742,-11.154,0.848,-37.705,0.971,0.997,1,12173,12620.356,383.956,data_traditional
35,-14.305,7.045,2.978,0.293,0.349,0.789,-10.94,0.839,-30.516,0.983,1.0,1,14159,15409.777,270.548,data_traditional
36,43.001,17.035,3.106,0.287,0.322,0.69,-10.812,0.892,-44.801,0.983,0.997,1,14652,15770.405,332.528,data_traditional
37,54.651,14.309,3.019,0.337,0.361,0.78,-10.899,0.933,-47.831,0.963,0.987,1,8632,8633.518,215.956,data_traditional
38,22.306,-19.827,3.116,0.284,0.336,0.803,-10.801,0.844,-31.046,0.973,1.0,1,12326,12588.849,334.775,data_traditional
39,11.686,-4.029,3.272,0.284,0.326,0.695,-10.646,0.869,-31.594,0.977,0.996,1,13536,14588.908,338.807,data_traditional
40,14.264,24.044,3.329,0.308,0.383,0.854,-10.589,0.804,-31.292,0.961,0.975,1,10017,10174.212,218.619,data_traditional
41,-12.771,19.914,3.602,0.31,0.375,0.873,-10.316,0.828,-36.217,0.979,0.986,1,25920,36520.219,616.105,data_traditional
42,-23.173,9.02,3.415,0.291,0.354,0.814,-10.503,0.82,-30.835,0.986,0.999,1,10780,11910.663,200.7,data_traditional
43,-9.756,-10.019,3.436,0.292,0.329,0.792,-10.482,0.889,-24.936,0.977,0.999,1,8650,8992.208,243.729,data_traditional
44,7.363,18.119,3.558,0.283,0.342,0.709,-10.36,0.829,-38.506,0.983,0.997,1,13944,16507.274,286.083,data_traditional
45,5.834,-25.087,3.507,0.287,0.33,0.82,-10.41,0.872,-33.489,0.975,0.999,1,9233,10235.632,256.102,data_traditional
46,-2.417,4.536,3.798,0.278,0.36,0.84,-10.12,0.772,-29.048,0.978,0.995,1,10400,10688.702,233.321,data_traditional
47,21.587,3.339,3.76,0.281,0.332,0.747,-10.157,0.844,-42.173,0.977,0.998,1,13458,14117.0,341.485,data_traditional
48,-21.11,-8.747,3.808,0.296,0.378,0.915,-10.11,0.782,-17.92,0.973,0.98,1,5586,7719.782,231.032,data_traditional
49,-41.946,14.911,3.931,0.285,0.371,0.879,-9.987,0.767,-17.187,0.983,0.998,1,8404,9319.731,212.441,data_traditional
50,-54.924,25.076,3.506,0.285,0.392,0.871,-10.412,0.727,-19.996,0.977,0.959,1,1314,1251.625,125.909,data_traditional
51,28.434,12.796,4.004,0.283,0.331,0.682,-9.914,0.856,-34.964,0.978,0.998,1,12059,11763.821,282.676,data_traditional
52,47.867,-4.801,3.96,0.274,0.305,0.665,-9.957,0.897,-43.24,0.985,0.993,1,12382,14732.534,273.036,data_traditional
53,-34.981,-15.895,4.015,0.32,0.376,0.821,-9.903,0.853,-18.5,0.984,0.997,1,5371,5839.316,191.914,data_traditional
54,-24.542,2.794,4.332,0.284,0.366,0.825,-9.586,0.777,-28.622,0.975,0.999,1,9520,10617.877,268.341,data_traditional
55,21.114,-15.81,4.275,0.275,0.33,0.755,-9.642,0.833,-32.539,0.974,0.998,1,13447,13454.195,343.566,data_traditional
56,-29.925,16.817,4.389,0.273,0.363,0.8,-9.529,0.753,-25.473,0.979,1.0,1,12843,12899.693,306.709,data_traditional
57,-17.494,7.931,4.486,0.293,0.361,0.812,-9.432,0.811,-32.199,0.978,0.999,1,11414,11930.84,254.37,data_traditional
58,-38.86,-14.575,4.321,0.293,0.36,0.786,-9.597,0.814,-18.138,0.979,0.99,1,4816,5645.415,185.024,data_traditional
59,-37.425,12.349,4.724,0.282,0.363,0.852,-9.194,0.778,-21.878,0.975,0.997,1,8072,9661.385,281.334,data_traditional
60,1.111,-9.923,4.935,0.284,0.341,0.655,-8.983,0.831,-31.633,0.987,0.995,1,9411,9809.559,169.985,data_traditional
61,42.951,13.77,4.986,0.28,0.304,0.66,-8.932,0.922,-39.722,0.987,0.996,1,20316,22573.605,398.885,data_traditional
62,23.518,1.805,5.056,0.287,0.334,0.746,-8.861,0.858,-31.919,0.984,0.985,1,12634,14840.635,285.066,data_traditional
63,33.066,-14.072,5.013,0.309,0.354,0.778,-8.905,0.874,-41.42,0.96,0.976,1,10954,10515.067,223.037,data_traditional
64,3.937,4.592,5.169,0.282,0.352,0.738,-8.748,0.801,-31.148,0.975,0.99,1,12641,11800.237,305.286,data_traditional
65,40.239,-1.796,5.105,0.314,0.355,0.68,-8.813,0.886,-27.742,0.969,0.98,1,10992,11528.901,175.875,data_traditional
66,31.951,1.664,5.223,0.275,0.317,0.682,-8.695,0.868,-33.002,0.985,0.998,1,12395,14867.675,283.023,data_traditional
67,38.708,-8.26,5.286,0.282,0.32,0.624,-8.632,0.88,-31.491,0.985,0.996,1,14438,15162.732,289.851,data_traditional
68,18.276,-14.799,5.348,0.269,0.31,0.587,-8.57,0.868,-35.391,0.98,0.994,1,11020,13936.466,320.359,data_traditional
69,1.836,-19.244,5.411,0.273,0.33,0.672,-8.507,0.828,-29.111,0.976,0.998,1,10664,10540.261,261.023,data_traditional
70,-39.27,2.068,5.542,0.283,0.373,0.84,-8.376,0.759,-22.798,0.979,0.997,1,7752,8232.108,213.333,data_traditional
71,4.512,2.176,5.63,0.274,0.333,0.701,-8.288,0.824,-28.586,0.977,0.997,1,19079,18008.411,408.157,data_traditional
72,4.772,-6.642,5.583,0.276,0.326,0.741,-8.335,0.847,-32.524,0.981,0.984,1,10482,13265.869,298.111,data_traditional
73,-33.219,-18.188,5.582,0.274,0.36,0.882,-8.335,0.76,-17.56,0.978,0.998,1,6449,6090.616,200.11,data_traditional
74,50.571,-18.883,5.5,0.314,0.336,0.721,-8.418,0.934,-33.896,0.968,0.977,1,11721,11531.727,197.258,data_traditional
75,30.572,-22.559,5.495,0.277,0.295,0.645,-8.423,0.937,-46.277,0.988,0.994,1,10411,15033.578,259.862,data_traditional
76,-22.944,22.321,5.741,0.275,0.368,0.749,-8.177,0.749,-31.153,0.979,0.998,1,9281,11236.29,255.995,data_traditional
77,-9.432,-12.165,5.831,0.279,0.335,0.688,-8.087,0.833,-27.962,0.984,0.996,1,10100,11246.712,250.053,data_traditional
78,-28.987,1.768,6.19,0.266,0.349,0.719,-7.728,0.763,-22.528,0.982,0.997,1,9948,10604.518,239.145,data_traditional
79,-45.477,-2.561,6.141,0.276,0.374,0.785,-7.777,0.738,-18.32,0.977,0.999,1,6230,6127.294,209.101,data_traditional
80,19.162,-6.958,6.172,0.276,0.308,0.655,-7.746,0.899,-33.573,0.986,0.99,1,12471,14000.802,249.855,data_traditional
81,-10.905,-11.828,6.225,0.309,0.385,0.782,-7.693,0.802,-26.582,0.965,0.977,1,9857,8449.907,173.174,data_traditional
82,19.987,-23.567,6.377,0.274,0.304,0.673,-7.541,0.901,-23.432,0.987,0.994,1,17166,18098.746,316.794,data_traditional
83,-31.722,11.633,6.505,0.271,0.358,0.667,-7.412,0.757,-21.974,0.976,0.994,1,8448,10153.104,277.916,data_traditional
84,-50.979,-24.764,6.395,0.271,0.37,0.91,-7.523,0.735,-9.184,0.982,0.996,1,5029,5918.152,204.946,data_traditional
85,2.985,-20.689,6.574,0.268,0.311,0.648,-7.344,0.863,-27.573,0.987,0.996,1,11344,12060.288,223.538,data_traditional
86,46.248,21.905,6.586,0.27,0.338,0.697,-7.331,0.799,-11.411,0.984,0.991,1,11276,11284.925,236.22,data_traditional
87,1.808,18.977,6.625,0.267,0.32,0.755,-7.293,0.837,-32.4,0.983,0.998,1,10064,12770.448,297.89,data_traditional
88,35.412,4.499,6.554,0.278,0.291,0.635,-7.364,0.955,-53.349,0.993,0.996,1,11063,13425.721,262.644,data_traditional
89,53.369,-9.213,6.593,0.317,0.338,0.65,-7.325,0.937,-17.43,0.977,0.982,1,10954,10776.902,207.313,data_traditional
90,49.807,-10.132,6.775,0.279,0.286,0.634,-7.143,0.976,-65.047,0.994,0.996,1,11931,15822.394,291.544,data_traditional
91,-12.672,25.594,6.95,0.276,0.334,0.663,-6.968,0.827,-31.892,0.981,0.996,1,11851,13822.386,300.333,data_traditional
92,53.456,-4.836,6.859,0.307,0.337,0.675,-7.059,0.911,-22.231,0.973,0.986,1,10978,10737.151,214.897,data_traditional
93,43.914,-7.701,6.992,0.275,0.29,0.604,-6.926,0.947,-61.86,0.995,0.996,1,13227,18126.018,292.63,data_traditional
94,-7.523,23.29,7.136,0.271,0.352,0.657,-6.782,0.769,-27.146,0.979,0.989,1,14297,12967.158,303.887,data_traditional
95,-11.203,4.056,7.181,0.274,0.331,0.742,-6.737,0.829,-25.308,0.987,0.998,1,19316,19826.163,318.893,data_traditional
96,56.809,-7.889,7.011,0.278,0.291,0.599,-6.907,0.957,-83.446,0.993,0.999,1,9448,11435.326,264.68,data_traditional
97,-39.368,-23.16,7.114,0.27,0.356,0.833,-6.804,0.759,-11.957,0.981,0.996,1,5787,6964.223,210.836,data_traditional
98,12.397,-11.49,7.441,0.274,0.296,0.634,-6.477,0.926,-47.448,0.99,0.996,1,17565,18971.66,369.425,data_traditional
99,-21.685,-17.086,7.289,0.293,0.364,0.771,-6.629,0.806,-15.037,0.974,0.976,1,4755,6500.855,171.698,data_traditional
100,-15.211,24.819,7.534,0.271,0.33,0.644,-6.384,0.822,-24.986,0.985,0.997,1,18153,19259.49,375.538,data_traditional
101,-20.887,1.004,7.53,0.29,0.355,0.747,-6.388,0.819,-21.008,0.979,0.977,1,8570,13081.328,257.521,data_traditional
102,8.316,-9.412,7.404,0.265,0.3,0.608,-6.514,0.88,-30.131,0.982,0.998,1,11803,13460.445,304.783,data_traditional
103,11.417,-1.82,7.556,0.266,0.294,0.669,-6.362,0.904,-22.217,0.992,0.998,1,10014,12291.548,221.895,data_traditional
104,54.359,16.324,7.547,0.285,0.292,0.613,-6.37,0.976,24.498,0.992,0.996,1,7042,8572.132,248.313,data_traditional
105,-17.357,16.159,7.943,0.275,0.321,0.713,-5.974,0.858,-23.52,0.988,0.995,1,13822,16700.809,277.04,data_traditional
106,-36.679,-24.403,7.852,0.273,0.329,0.665,-6.066,0.83,-14.108,0.987,0.996,1,11450,12320.006,282.589,data_traditional
107,-15.648,6.096,8.076,0.275,0.328,0.656,-5.842,0.839,-25.349,0.986,0.983,1,13481,14647.007,288.209,data_traditional
108,51.911,-0.592,8.021,0.282,0.291,0.638,-5.896,0.969,-70.05,0.995,0.997,1,11365,14017.307,292.384,data_traditional
109,-45.292,-24.854,8.122,0.27,0.331,0.74,-5.796,0.816,-5.855,0.987,0.997,1,11166,13602.287,299.71,data_traditional
110,57.526,-9.829,8.173,0.32,0.346,0.735,-5.745,0.924,-83.349,0.97,0.978,1,7478,7350.17,206.471,data_traditional
111,-38.83,2.388,8.351,0.278,0.336,0.703,-5.567,0.828,-12.522,0.989,0.988,1,6131,6907.255,183.713,data_traditional
112,22.035,-2.056,8.452,0.276,0.295,0.627,-5.466,0.937,-23.668,0.995,0.984,1,12234,14685.09,248.719,data_traditional
113,-21.434,-10.601,8.555,0.272,0.314,0.631,-5.363,0.865,-19.297,0.99,0.99,1,10420,11342.717,235.124,data_traditional
114,-3.748,-0.163,8.7,0.271,0.299,0.623,-5.218,0.906,-21.755,0.993,0.997,1,13801,16989.886,314.09,data_traditional
115,40.248,-9.274,8.736,0.279,0.289,0.643,-5.182,0.965,-49.165,0.994,0.987,1,12242,16867.671,316.224,data_traditional
116,33.555,19.007,8.88,0.277,0.301,0.645,-5.037,0.92,-22.51,0.993,0.997,1,21135,22011.247,393.633,data_traditional
117,-46.264,-13.662,8.714,0.31,0.377,0.798,-5.204,0.824,-6.736,0.975,0.982,1,4518,4347.538,142.216,data_traditional
118,22.353,-10.102,9.349,0.277,0.294,0.63,-4.569,0.941,-11.048,0.995,0.997,1,17288,18419.588,349.305,data_traditional
119,-50.463,23.274,9.354,0.277,0.334,0.704,-4.564,0.829,-16.295,0.985,0.996,1,5755,5959.932,209.276,data_traditional
120,42.397,15.333,9.546,0.275,0.289,0.693,-4.372,0.953,-62.6,0.994,0.998,1,10836,13601.759,314.357,data_traditional
121,-7.03,2.808,9.504,0.274,0.303,0.698,-4.414,0.904,-17.07,0.994,0.997,1,11352,12600.131,231.959,data_traditional
122,-35.466,-0.436,9.422,0.275,0.313,0.72,-4.496,0.879,-12.57,0.991,0.998,1,7775,8800.215,233.36,data_traditional
123,-50.304,-14.776,9.177,0.275,0.331,0.751,-4.741,0.829,-0.366,0.988,0.997,1,3226,3749.891,158.892,data_traditional
124,26.726,13.445,9.643,0.287,0.328,0.594,-4.275,0.874,51.113,0.997,0.986,1,12050,15336.927,278.481,data_traditional
125,-1.364,-9.773,9.769,0.276,0.294,0.68,-4.149,0.937,-16.934,0.995,0.996,1,10042,12109.198,238.461,data_traditional
126,-37.662,-22.982,9.948,0.274,0.307,0.739,-3.97,0.893,-4.254,0.991,0.997,1,10118,10895.207,289.24,data_traditional
127,-23.057,3.618,10.099,0.277,0.304,0.717,-3.819,0.91,-17.46,0.992,0.981,1,6936,9212.321,237.422,data_traditional
128,48.331,-0.36,10.169,0.282,0.3,0.698,-3.748,0.941,-9.793,0.992,0.998,1,11642,12247.745,328.961,data_traditional
129,-39.985,-23.767,10.214,0.272,0.312,0.739,-3.704,0.873,-2.861,0.993,0.997,1,12596,13844.782,312.615,data_traditional
130,17.764,18.686,10.409,0.32,0.341,0.798,-3.509,0.94,-15.556,0.971,0.981,1,14113,15279.18,276.447,data_traditional
131,40.034,7.559,10.318,0.316,0.336,0.792,-3.6,0.94,-15.58,0.974,0.97,1,8996,10158.466,254.912,data_traditional
132,-18.914,6.371,10.287,0.284,0.293,0.698,-3.631,0.97,-12.659,0.994,0.989,1,10315,11049.422,233.163,data_traditional
133,3.997,22.304,10.403,0.279,0.308,0.756,-3.515,0.906,-24.796,0.993,0.977,1,10275,14076.085,316.132,data_traditional
134,-54.772,2.122,10.094,0.303,0.352,0.866,-3.824,0.86,-3.809,0.981,0.98,1,2829,2561.537,143.358,data_traditional
135,-25.619,0.536,10.316,0.277,0.306,0.763,-3.602,0.903,-13.746,0.994,0.996,1,8006,8829.267,231.936,data_traditional
136,-14.156,17.495,10.581,0.289,0.317,0.725,-3.337,0.909,-13.157,0.991,0.965,1,8950,14527.994,269.342,data_traditional
137,36.846,-11.299,10.532,0.281,0.289,0.687,-3.385,0.972,-22.114,0.993,0.997,1,11627,14577.358,347.196,data_traditional
138,53.804,-15.23,10.71,0.284,0.291,0.826,-3.208,0.977,-63.498,0.989,0.999,1,8443,9930.3,299.163,data_traditional
139,-2.816,-23.628,10.714,0.277,0.292,0.702,-3.204,0.949,-15.697,0.996,0.996,1,11492,14015.108,278.397,data_traditional
140,-33.18,7.497,10.645,0.281,0.31,0.735,-3.272,0.907,-13.682,0.992,0.99,1,6869,7643.269,206.642,data_traditional
141,-3.684,-1.437,11.572,0.281,0.297,0.706,-2.346,0.945,-13.763,0.994,0.994,1,11212,12675.02,518.682,data_traditional
142,58.437,15.147,11.043,0.285,0.296,0.836,-2.874,0.963,-59.402,0.984,0.999,1,6918,8133.468,287.943,data_traditional
143,-10.902,12.512,11.118,0.28,0.299,0.71,-2.8,0.936,-14.424,0.994,0.996,1,14946,16054.705,322.398,data_traditional
144,-5.597,25.176,11.283,0.276,0.297,0.698,-2.635,0.928,-27.577,0.994,0.996,1,15923,17660.103,354.763,data_traditional
145,-36.504,14.866,11.045,0.284,0.308,0.751,-2.873,0.922,-15.689,0.993,0.996,1,7599,8918.833,239.729,data_traditional
146,51.518,3.604,11.175,0.285,0.288,0.692,-2.743,0.989,-75.52,0.988,0.994,1,8970,9507.181,305.929,data_traditional
147,42.493,9.656,11.253,0.287,0.295,0.723,-2.665,0.971,-26.399,0.99,0.996,1,7453,8584.957,269.645,data_traditional
148,34.114,-7.676,11.423,0.282,0.294,0.723,-2.495,0.959,-67.261,0.991,0.995,1,12374,14601.604,386.474,data_traditional
149,-44.395,19.164,11.414,0.289,0.307,0.75,-2.504,0.939,-5.133,0.992,0.997,1,7962,9171.0,249.464,data_traditional
150,43.735,15.061,11.571,0.282,0.298,0.679,-2.347,0.943,-25.201,0.988,0.996,1,12111,12404.797,383.138,data_traditional
151,49.698,12.259,11.499,0.291,0.294,0.704,-2.419,0.987,-65.014,0.987,0.996,1,8543,10283.275,311.149,data_traditional
152,-34.689,23.893,11.593,0.282,0.309,0.721,-2.325,0.914,-15.805,0.994,0.996,1,12144,13131.075,282.082,data_traditional
153,1.047,17.511,11.73,0.298,0.326,0.846,-2.188,0.912,-11.654,0.982,0.979,1,7602,10835.965,242.271,data_traditional
154,46.113,13.957,11.675,0.287,0.305,0.802,-2.243,0.939,-7.914,0.988,0.999,1,7710,8513.33,291.155,data_traditional
155,46.637,20.664,11.849,0.286,0.3,0.754,-2.069,0.952,-61.298,0.989,0.998,1,8313,8936.983,292.783,data_traditional
156,-42.89,-23.782,11.758,0.284,0.296,0.756,-2.16,0.959,3.104,0.993,0.996,1,6825,7917.525,228.142,data_traditional
157,45.983,-23.775,11.781,0.284,0.294,0.737,-2.136,0.968,-1.384,0.988,0.996,1,8210,8780.972,308.906,data_traditional
158,47.552,-25.014,12.008,0.298,0.332,0.931,-1.91,0.899,-8.148,0.981,0.988,1,7136,9020.872,311.849,data_traditional
159,4.774,21.651,12.24,0.279,0.301,0.807,-1.678,0.928,-19.428,0.993,0.993,1,13395,13966.707,370.659,data_traditional
160,-41.78,-8.2,11.815,0.276,0.303,0.756,-2.103,0.913,-6.573,0.992,0.997,1,4745,5155.543,187.597,data_traditional
161,-51.997,8.765,11.962,0.287,0.318,0.827,-1.956,0.9,-4.666,0.993,0.996,1,3988,4775.397,175.908,data_traditional
162,43.347,-7.374,12.306,0.279,0.287,0.837,-1.612,0.971,-21.356,0.989,0.996,1,8687,10354.244,360.233,data_traditional
163,-38.781,-10.097,12.152,0.278,0.308,0.759,-1.766,0.903,-17.948,0.992,0.996,1,6348,6664.431,204.258,data_traditional
164,-9.457,-5.411,12.288,0.277,0.292,0.786,-1.63,0.947,-21.755,0.993,0.996,1,8716,10403.596,276.342,data_traditional
165,-26.697,-0.064,12.291,0.298,0.324,0.88,-1.627,0.919,-5.927,0.983,0.976,1,6224,6298.308,193.223,data_traditional
166,-22.827,-19.787,12.325,0.293,0.32,0.906,-1.593,0.915,8.459,0.984,0.983,1,4918,7077.753,204.669,data_traditional
167,-19.452,24.871,12.659,0.284,0.3,0.792,-1.258,0.946,-23.367,0.993,0.996,1,12764,15179.309,332.057,data_traditional
168,42.252,-7.834,12.582,0.283,0.297,0.833,-1.336,0.953,-33.276,0.988,0.997,1,8632,10745.56,350.762,data_traditional
169,8.461,-12.539,12.758,0.298,0.313,0.775,-1.16,0.952,-5.898,0.981,0.989,1,13658,13352.115,319.163,data_traditional
170,-0.685,-23.269,13.09,0.275,0.286,0.783,-0.828,0.961,-11.929,0.993,0.99,1,10312,12235.3,294.466,data_traditional
171,1.48,-20.744,13.176,0.278,0.296,0.759,-0.742,0.938,-19.117,0.992,0.997,1,12706,13455.656,337.726,data_traditional
172,-42.04,0.854,13.11,0.283,0.302,0.779,-0.808,0.938,-5.267,0.991,0.997,1,6078,7507.129,235.446,data_traditional
173,51.657,-13.016,13.196,0.287,0.307,0.941,-0.721,0.935,-12.527,0.985,0.997,1,6257,6617.633,271.417,data_traditional
174,19.224,-19.937,13.316,0.274,0.294,0.779,-0.602,0.932,-21.947,0.992,0.998,1,13029,13686.513,366.507,data_traditional
175,-3.494,10.641,13.409,0.282,0.3,0.866,-0.509,0.941,-22.252,0.992,0.995,1,9305,9980.932,280.114,data_traditional
176,-40.442,-5.395,13.205,0.281,0.294,0.837,-0.713,0.957,-10.587,0.989,0.996,1,4908,5902.603,212.367,data_traditional
177,27.365,-8.527,13.336,0.315,0.33,0.912,-0.582,0.955,-30.261,0.972,0.994,1,7929,9062.384,264.128,data_traditional
178,-8.823,-21.702,13.618,0.313,0.332,0.87,-0.3,0.943,-21.532,0.963,0.973,1,8310,10049.929,270.083,data_traditional
179,28.219,24.402,13.697,0.284,0.301,0.794,-0.221,0.942,-34.895,0.988,0.997,1,7959,9317.033,296.295,data_traditional
180,11.344,21.308,13.739,0.284,0.293,0.736,-0.179,0.97,-19.854,0.991,0.997,1,9529,11110.234,300.39,data_traditional
181,42.549,17.986,13.883,0.28,0.304,0.825,-0.035,0.921,-24.261,0.984,0.999,1,8801,8743.888,334.558,data_traditional
182,-42.527,-24.682,13.864,0.281,0.3,0.881,-0.053,0.936,-16.034,0.99,0.994,1,8712,9158.364,286.234,data_traditional
183,-54.772,-18.271,13.828,0.282,0.302,0.817,-0.09,0.934,20.772,0.988,0.994,1,3805,4551.497,196.033,data_traditional
184,-4.126,23.743,14.246,0.278,0.292,0.749,0.329,0.955,-26.619,0.99,0.995,1,8862,10694.161,296.816,data_traditional
185,18.265,9.477,14.375,0.282,0.296,0.719,0.457,0.952,-24.709,0.989,0.995,1,9556,11489.124,320.928,data_traditional
186,-21.033,-2.403,14.276,0.281,0.288,0.808,0.358,0.977,-35.977,0.991,0.997,1,7668,8967.379,274.708,data_traditional
187,-37.757,-20.239,14.368,0.276,0.29,0.88,0.45,0.95,-17.98,0.989,0.996,1,7887,10201.505,310.706,data_traditional
188,-29.865,24.069,14.667,0.284,0.294,0.869,0.749,0.964,-27.201,0.991,0.996,1,10022,12809.603,349.117,data_traditional
189,-10.067,15.678,14.652,0.281,0.292,0.789,0.735,0.962,-32.989,0.99,0.996,1,10887,12319.093,332.87,data_traditional
190,-25.689,-7.924,14.515,0.276,0.293,0.909,0.597,0.944,-15.44,0.99,0.997,1,6261,7771.375,247.097,data_traditional
191,-43.164,18.963,14.52,0.286,0.289,0.854,0.602,0.991,-47.382,0.989,0.996,1,4584,5476.047,220.855,data_traditional
192,1.556,1.621,14.652,0.284,0.304,0.804,0.734,0.933,-45.99,0.991,0.996,1,7175,8495.819,272.863,data_traditional
193,36.373,-14.132,14.761,0.286,0.303,0.879,0.843,0.945,-43.195,0.985,0.999,1,6162,7066.35,294.968,data_traditional
194,-0.171,25.423,15.012,0.287,0.295,0.809,1.094,0.973,-35.599,0.99,0.994,1,10923,12404.411,339.76,data_traditional
195,43.362,-1.21,14.908,0.293,0.302,0.916,0.99,0.969,-24.803,0.984,0.999,1,6489,7180.174,295.032,data_traditional
196,41.217,23.937,15.1,0.293,0.309,0.86,1.183,0.947,-47.331,0.982,0.997,1,7037,8237.653,321.222,data_traditional
197,0.278,18.998,15.143,0.275,0.294,0.744,1.225,0.934,-24.341,0.987,0.996,1,10998,11618.004,340.698,data_traditional
198,-43.31,-10.728,15.019,0.283,0.287,0.893,1.101,0.987,-21.307,0.99,0.996,1,6245,8080.79,266.91,data_traditional
199,-4.704,-23.927,15.195,0.277,0.295,0.952,1.278,0.938,-35.492,0.991,0.998,1,9558,11293.1,336.926,data_traditional
200,-43.149,10.947,15.008,0.282,0.29,0.853,1.09,0.971,-72.076,0.985,0.983,1,2908,4289.793,189.312,data_traditional
201,-18.166,2.842,15.193,0.282,0.295,0.877,1.276,0.956,-34.137,0.99,0.996,1,6654,8182.056,264.915,data_traditional
202,11.803,-11.942,15.405,0.296,0.31,0.844,1.487,0.955,-20.362,0.986,0.975,1,7479,10437.88,338.542,data_traditional
203,-8.991,-14.332,15.365,0.282,0.289,0.882,1.447,0.976,-43.908,0.988,0.995,1,8058,11137.078,337.47,data_traditional
204,33.77,7.415,15.467,0.288,0.3,0.809,1.549,0.959,-36.497,0.986,0.998,1,8892,9593.56,360.556,data_traditional
205,-5.379,-0.979,15.28,0.281,0.295,0.888,1.363,0.953,-27.759,0.989,0.993,1,6330,7010.322,255.257,data_traditional
206,24.284,-4.644,15.545,0.286,0.301,0.804,1.627,0.951,-39.881,0.987,0.998,1,9355,10381.545,332.877,data_traditional
207,-44.753,16.633,15.457,0.279,0.292,0.858,1.539,0.955,-44.294,0.987,0.998,1,6320,7019.116,245.098,data_traditional
208,0.19,10.691,15.59,0.29,0.293,0.863,1.672,0.991,-87.609,0.99,0.998,1,9981,11798.849,379.198,data_traditional
209,0.718,6.797,15.452,0.289,0.295,0.848,1.534,0.98,-15.063,0.989,0.993,1,6607,8247.82,288.72,data_traditional
210,13.286,6.397,15.527,0.277,0.295,0.864,1.609,0.937,-28.223,0.988,0.998,1,8112,9053.772,317.631,data_traditional
211,-43.319,-14.713,15.453,0.283,0.288,0.867,1.536,0.98,-10.196,0.989,0.997,1,5722,6586.018,232.519,data_traditional
212,12.123,-3.436,15.623,0.277,0.294,0.883,1.705,0.942,-23.866,0.987,0.996,1,6374,7184.744,289.998,data_traditional
213,35.136,-23.417,15.6,0.282,0.298,0.854,1.682,0.946,-43.845,0.982,0.998,1,6719,6934.833,312.446,data_traditional
214,-17.342,12.115,15.668,0.277,0.287,0.895,1.75,0.964,-41.395,0.99,0.998,1,5834,8017.459,275.071,data_traditional
215,16.776,-16.007,15.923,0.284,0.298,0.854,2.005,0.954,-32.154,0.987,0.999,1,10158,11652.825,395.744,data_traditional
216,36.124,16.674,16.04,0.292,0.306,0.804,2.122,0.953,-22.388,0.981,0.996,1,8507,10131.006,380.697,data_traditional
217,-53.028,-0.532,15.438,0.287,0.297,0.838,1.52,0.967,-87.85,0.987,0.992,1,2688,3046.264,176.836,data_traditional
218,-10.847,-9.123,16.078,0.281,0.293,0.919,2.16,0.958,-15.485,0.988,0.998,1,9094,10419.92,356.691,data_traditional
219,-14.423,-9.888,16.028,0.288,0.294,0.995,2.11,0.979,-44.495,0.988,0.997,1,7854,9407.243,315.833,data_traditional
220,41.588,22.447,16.217,0.286,0.305,1.045,2.299,0.94,-52.7,0.98,0.998,1,4192,5133.361,274.244,data_traditional
221,27.614,11.292,16.348,0.275,0.301,0.871,2.43,0.914,-56.583,0.984,0.984,1,7805,8834.196,332.935,data_traditional
222,-44.728,19.901,16.362,0.282,0.295,0.943,2.445,0.954,-43.626,0.984,0.996,1,5098,6181.326,273.514,data_traditional
223,-12.611,18.536,16.602,0.286,0.296,0.79,2.684,0.969,-55.872,0.985,0.995,1,9767,11296.267,364.328,data_traditional
224,55.022,12.328,16.335,0.299,0.314,0.903,2.417,0.951,-53.247,0.976,0.997,1,5194,5338.984,289.197,data_traditional
225,-1.029,22.97,16.482,0.282,0.302,0.783,2.564,0.936,-45.978,0.99,0.993,1,6881,7562.66,278.564,data_traditional
226,-45.609,-0.626,16.445,0.286,0.302,0.96,2.527,0.947,-52.686,0.983,0.995,1,5061,5646.058,251.749,data_traditional
227,-36.759,-3.579,16.55,0.282,0.286,0.865,2.633,0.987,-46.456,0.986,0.997,1,6955,7127.248,286.213,data_traditional
228,10.232,-3.725,16.784,0.317,0.344,1.099,2.866,0.92,-33.659,0.962,0.993,1,6832,7211.478,303.078,data_traditional
229,-28.761,15.215,16.64,0.278,0.297,0.843,2.722,0.935,-53.647,0.987,0.993,1,4144,4568.363,215.857,data_traditional
230,-1.944,-4.295,17.019,0.283,0.303,0.827,3.101,0.936,-29.151,0.985,0.997,1,7347,7069.956,273.935,data_traditional
231,6.222,-18.587,17.134,0.29,0.298,1.073,3.216,0.974,-30.126,0.986,0.999,1,7952,8847.661,330.314,data_traditional
232,-25.238,-20.044,17.182,0.287,0.297,0.916,3.264,0.968,-46.166,0.989,0.992,1,8800,10073.428,373.744,data_traditional
233,-51.552,-24.457,16.968,0.29,0.303,0.955,3.05,0.958,-84.87,0.981,0.994,1,4359,4846.31,237.353,data_traditional
234,-7.268,-24.651,17.079,0.288,0.291,0.939,3.162,0.991,-37.268,0.988,0.998,1,7795,9551.875,329.29,data_traditional
235,38.783,-21.841,17.129,0.287,0.312,1.028,3.211,0.919,-30.354,0.98,0.998,1,6226,6577.263,300.804,data_traditional
236,54.668,25.269,17.021,0.307,0.346,0.98,3.103,0.887,-6.796,0.968,0.989,1,2726,2822.065,217.544,data_traditional
237,-2.957,5.748,17.25,0.284,0.296,1.011,3.333,0.96,-25.43,0.985,0.998,1,7680,9267.145,355.286,data_traditional
238,9.429,-14.384,17.274,0.284,0.297,0.857,3.356,0.954,-40.954,0.983,0.997,1,6778,6864.747,287.255,data_traditional
239,-41.188,5.955,17.118,0.274,0.298,0.92,3.2,0.92,-65.599,0.984,0.997,1,3199,3221.993,219.058,data_traditional
240,-38.483,1.512,17.222,0.276,0.29,0.872,3.305,0.951,-71.805,0.984,0.994,1,4080,4384.1,221.816,data_traditional
241,37.428,-12.518,17.257,0.29,0.309,0.883,3.339,0.938,-38.249,0.977,0.992,1,4157,4150.19,238.641,data_traditional
242,2.816,-14.69,17.271,0.279,0.297,0.898,3.353,0.938,-23.344,0.985,0.997,1,5193,5651.184,256.366,data_traditional
243,-48.807,5.05,17.261,0.282,0.295,0.974,3.344,0.956,-65.286,0.981,0.998,1,3124,3688.755,204.633,data_traditional
244,41.777,19.3,17.407,0.279,0.312,0.981,3.489,0.895,-28.391,0.974,0.995,1,2894,2736.956,197.898,data_traditional
245,14.291,-19.57,17.816,0.281,0.3,0.9,3.899,0.937,-42.972,0.984,0.997,1,7939,8252.526,357.111,data_traditional
246,-41.158,-23.092,17.828,0.284,0.306,0.932,3.911,0.927,-47.614,0.974,0.978,1,5103,6179.869,302.446,data_traditional
247,-10.755,-24.544,17.815,0.279,0.29,0.985,3.898,0.965,-27.275,0.984,0.997,1,7884,8486.632,350.359,data_traditional
248,8.378,-22.269,17.987,0.282,0.294,0.845,4.069,0.962,-34.432,0.986,0.995,1,7621,8204.24,335.148,data_traditional
249,28.236,23.106,17.855,0.295,0.313,0.991,3.937,0.943,-48.667,0.978,0.998,1,4671,5143.041,280.503,data_traditional
250,-27.869,22.16,18.013,0.27,0.298,0.842,4.095,0.906,-61.606,0.979,0.996,1,7125,7623.999,332.533,data_traditional
251,-8.721,-19.342,17.889,0.276,0.296,0.929,3.971,0.932,-37.892,0.985,0.998,1,5477,5819.68,275.806,data_traditional
252,-22.279,10.23,17.892,0.282,0.3,0.854,3.974,0.938,-51.998,0.986,0.994,1,4108,4519.8,225.64,data_traditional
253,-25.246,10.026,18.014,0.285,0.301,0.978,4.096,0.945,-65.158,0.985,0.997,1,3434,3944.6,221.561,data_traditional
254,37.552,-4.47,18.045,0.283,0.312,1.001,4.128,0.907,-24.896,0.974,0.995,1,4525,4390.025,252.08,data_traditional
255,-43.75,-11.863,18.256,0.293,0.3,1.131,4.338,0.976,-51.654,0.982,0.997,1,6330,6952.034,320.096,data_traditional
256,-0.611,-7.09,18.268,0.283,0.293,0.868,4.35,0.964,-22.828,0.985,0.998,1,4969,5342.181,231.369,data_traditional
257,-3.013,9.01,18.339,0.281,0.305,1.043,4.421,0.922,-57.289,0.98,0.998,1,5579,6478.159,290.135,data_traditional
258,-42.245,4.464,18.308,0.279,0.299,1.026,4.39,0.935,-66.916,0.979,0.997,1,3531,4055.844,230.496,data_traditional
259,21.711,15.43,18.54,0.293,0.317,0.86,4.622,0.922,-42.525,0.981,0.998,1,5767,5678.79,270.624,data_traditional
260,22.594,1.179,18.573,0.295,0.299,0.944,4.655,0.984,-32.695,0.982,0.996,1,6920,7090.981,345.491,data_traditional
261,31.757,-19.753,18.619,0.298,0.312,1.095,4.701,0.956,-41.115,0.98,0.993,1,7633,8271.466,368.102,data_traditional
262,-26.016,19.137,18.685,0.285,0.298,0.908,4.767,0.956,-76.808,0.98,0.997,1,5855,6187.305,289.755,data_traditional
263,-26.162,23.511,18.727,0.288,0.298,1.166,4.809,0.963,-69.003,0.98,0.995,1,4164,5318.39,284.663,data_traditional
264,45.85,9.439,18.855,0.294,0.324,1.044,4.937,0.908,-24.266,0.97,0.985,1,5250,5137.622,305.353,data_traditional
265,35.934,-16.237,18.842,0.294,0.31,0.983,4.924,0.949,-38.071,0.983,0.998,1,5456,5945.031,303.704,data_traditional
266,-30.582,9.821,18.86,0.296,0.325,1.052,4.942,0.908,73.975,0.984,0.983,1,3437,4095.615,235.475,data_traditional
267,-21.481,17.389,19.239,0.281,0.311,0.864,5.321,0.904,-60.083,0.981,0.983,1,6287,6507.676,294.618,data_traditional
268,-42.394,6.99,18.948,0.282,0.29,1.071,5.03,0.974,-15.133,0.98,0.996,1,2563,2683.163,202.485,data_traditional
269,26.79,-4.351,19.353,0.299,0.317,0.971,5.435,0.943,-43.943,0.975,0.99,1,6034,5827.867,319.717,data_traditional
270,-28.15,5.681,19.399,0.289,0.311,0.911,5.481,0.93,-68.575,0.974,0.995,1,4260,4652.62,254.818,data_traditional
271,-15.21,10.08,19.336,0.28,0.297,0.899,5.418,0.944,-58.922,0.977,0.997,1,4579,4547.372,247.642,data_traditional
272,37.187,23.017,19.582,0.293,0.316,1.131,5.664,0.93,-34.56,0.974,0.995,1,4992,5185.559,297.931,data_traditional
273,1.481,-2.576,19.677,0.285,0.299,1.121,5.759,0.953,-62.618,0.978,0.996,1,6425,6653.076,317.287,data_traditional
274,31.708,-19.196,18.757,0.072,1.309,1.238,4.839,0.055,0.144,0.024,0.983,0,449,-2279.612,843.875,data_traditional
275,18.069,-2.752,19.852,0.284,0.297,1.002,5.935,0.957,-25.278,0.976,0.997,1,5444,5770.737,296.486,data_traditional
276,49.373,-24.48,19.713,0.305,0.32,0.972,5.795,0.951,-29.073,0.975,0.994,1,4674,4731.24,260.236,data_traditional
277,-6.669,-10.19,20.235,0.28,0.292,0.948,6.317,0.958,-44.304,0.981,0.997,1,8018,8764.56,408.175,data_traditional
278,-46.946,-13.232,20.134,0.276,0.318,0.958,6.217,0.869,-68.78,0.969,0.998,1,5150,5103.427,294.861,data_traditional
279,49.549,-14.859,19.915,0.31,0.325,0.948,5.997,0.954,-73.596,0.974,0.984,1,4059,3939.025,242.628,data_traditional
280,-14.319,-17.005,20.145,0.28,0.311,1.067,6.227,0.902,-58.503,0.98,0.999,1,5849,6388.102,326.959,data_traditional
281,7.986,17.716,20.144,0.284,0.303,1.11,6.227,0.935,-48.92,0.976,0.989,1,5544,5824.629,306.57,data_traditional
282,-25.567,-19.661,20.168,0.284,0.312,1.156,6.25,0.91,-69.67,0.978,0.958,1,3995,4688.358,328.352,data_traditional
283,31.265,16.042,20.339,0.301,0.311,1.13,6.421,0.968,-53.305,0.971,0.995,1,4787,5546.735,322.917,data_traditional
284,-36.578,5.11,20.146,0.278,0.295,0.97,6.229,0.94,-59.566,0.975,0.997,1,3239,3337.654,224.819,data_traditional
285,16.895,3.842,20.347,0.293,0.309,1.009,6.43,0.948,-60.754,0.981,0.996,1,5710,5964.175,304.049,data_traditional
286,12.672,-2.755,20.545,0.299,0.32,1.011,6.628,0.933,-45.646,0.968,0.99,1,4200,4024.248,277.956,data_traditional
287,26.877,-6.35,20.508,0.293,0.309,1.072,6.59,0.948,-37.991,0.974,0.995,1,5190,5184.2,303.885,data_traditional
288,13.181,-20.95,20.519,0.291,0.307,1.041,6.602,0.948,-57.386,0.983,0.993,1,5090,5521.243,286.37,data_traditional
289,55.013,-21.076,20.473,0.309,0.324,1.05,6.555,0.954,-22.91,0.965,0.993,1,3350,3435.163,249.076,data_traditional
290,11.678,-16.34,20.829,0.29,0.308,0.981,6.911,0.944,-45.302,0.976,0.995,1,6353,6377.445,320.042,data_traditional
291,-16.8,-16.602,20.817,0.284,0.305,0.993,6.899,0.931,-76.952,0.979,0.978,1,4614,4943.349,267.965,data_traditional
292,-13.876,-24.355,20.9,0.289,0.302,1.066,6.982,0.96,-64.821,0.98,0.998,1,6018,6676.641,336.437,data_traditional
293,42.079,7.346,20.801,0.3,0.309,1.108,6.883,0.971,-41.711,0.97,0.991,1,3649,3762.041,252.821,data_traditional
294,-48.781,-1.664,20.731,0.278,0.315,1.287,6.813,0.88,-70.619,0.97,0.996,1,2765,3386.37,235.77,data_traditional
295,36.175,-7.231,21.032,0.296,0.315,1.229,7.115,0.938,-42.438,0.974,0.993,1,4791,5882.125,329.75,data_traditional
296,-24.651,-19.916,21.141,0.291,0.302,1.122,7.224,0.964,-59.959,0.971,0.995,1,6410,7362.702,477.694,data_traditional
297,58.082,24.007,20.835,0.303,0.34,1.037,6.917,0.891,-29.362,0.961,0.993,1,2490,2231.366,228.175,data_traditional
298,-28.626,-11.207,21.067,0.281,0.308,1.066,7.149,0.911,-56.799,0.963,0.998,1,4107,4120.382,290.448,data_traditional
299,-31.134,-24.903,21.128,0.282,0.316,1.156,7.21,0.893,-61.786,0.975,0.998,1,4932,5327.161,333.939,data_traditional
300,9.382,-7.751,20.995,0.289,0.339,0.907,7.078,0.854,87.386,0.937,0.993,1,2852,2727.734,249.979,data_traditional
301,12.487,13.732,21.384,0.299,0.31,1.178,7.466,0.965,-59.46,0.975,0.995,1,6005,6415.351,341.437,data_traditional
302,0.945,5.411,21.451,0.29,0.321,1.223,7.533,0.904,-53.455,0.974,0.993,1,5533,5499.296,306.482,data_traditional
303,31.117,-3.401,21.204,0.296,0.319,1.141,7.286,0.927,-52.202,0.962,0.99,1,3683,3814.393,274.953,data_traditional
304,35.67,8.409,21.611,0.306,0.32,1.236,7.694,0.956,-55.511,0.975,0.989,1,3740,4216.278,261.641,data_traditional
305,-3.653,18.814,21.896,0.28,0.307,1.085,7.978,0.911,-37.812,0.969,0.995,1,4922,5379.506,346.135,data_traditional
306,24.983,-12.171,21.928,0.296,0.324,1.086,8.011,0.911,-55.511,0.98,0.995,1,5115,5491.379,308.616,data_traditional
307,47.206,-1.315,21.987,0.316,0.331,1.298,8.069,0.954,-28.577,0.939,0.989,1,2678,2558.907,275.811,data_traditional
308,-46.579,-4.269,22.076,0.289,0.318,1.287,8.159,0.91,-67.269,0.963,0.996,1,2712,2697.6,239.628,data_traditional
309,-41.515,-19.028,22.316,0.288,0.326,1.109,8.399,0.882,-66.137,0.964,0.997,1,5121,5010.266,325.284,data_traditional
310,38.077,-6.93,22.293,0.287,0.331,1.179,8.376,0.866,-3.409,0.955,0.967,1,3731,3321.325,264.339,data_traditional
311,27.126,-11.072,22.277,0.299,0.309,1.154,8.359,0.967,-37.057,0.975,0.992,1,4651,5273.3,294.819,data_traditional
312,39.363,-11.416,22.356,0.309,0.335,1.171,8.438,0.921,-39.316,0.966,0.996,1,4707,5106.832,332.953,data_traditional
313,18.587,-11.162,22.413,0.296,0.314,0.952,8.495,0.945,-50.759,0.973,0.986,1,4072,4237.589,262.763,data_traditional
314,2.654,19.835,22.388,0.296,0.321,1.025,8.47,0.923,-67.182,0.968,0.998,1,3711,3492.58,241.382,data_traditional
315,27.055,16.881,22.441,0.303,0.316,1.208,8.524,0.958,-81.507,0.971,0.984,1,3099,3839.679,250.229,data_traditional
316,-35.461,18.454,22.296,0.271,0.313,1.022,8.378,0.864,-67.082,0.967,0.997,1,2546,2534.17,219.508,data_traditional
317,-3.796,-9.683,22.743,0.288,0.316,1.141,8.825,0.909,-52.349,0.977,0.998,1,4986,5818.811,331.373,data_traditional
318,49.402,-1.115,22.601,0.319,0.325,1.141,8.683,0.979,-87.198,0.966,0.99,1,2731,2602.679,221.703,data_traditional
319,22.322,24.519,23.004,0.303,0.32,1.281,9.086,0.948,61.114,0.975,0.987,1,4411,4700.777,287.6,data_traditional
320,-0.994,13.819,23.227,0.292,0.316,1.144,9.309,0.924,-69.023,0.973,0.994,1,5562,6137.778,359.05,data_traditional
321,32.896,-5.093,22.931,0.306,0.33,1.057,9.013,0.928,-37.631,0.973,0.993,1,3030,3136.421,222.084,data_traditional
322,-45.133,-11.775,22.857,0.288,0.339,1.235,8.939,0.85,-55.823,0.96,0.995,1,2452,2526.87,226.573,data_traditional
323,-5.088,-12.228,23.502,0.289,0.332,0.873,9.584,0.871,-60.482,0.967,0.996,1,6293,6417.403,397.274,data_traditional
324,15.357,19.199,23.243,0.303,0.315,1.181,9.325,0.964,-84.304,0.966,0.998,1,2886,3232.01,247.32,data_traditional
325,11.749,17.43,23.408,0.303,0.341,1.065,9.49,0.889,-55.002,0.967,0.998,1,3664,3636.774,271.308,data_traditional
326,4.058,10.496,23.386,0.29,0.32,1.159,9.468,0.906,-62.996,0.971,0.989,1,3237,3263.778,247.431,data_traditional
327,-8.448,-7.305,23.593,0.299,0.309,1.015,9.675,0.967,-75.793,0.97,0.993,1,4286,4398.576,277.994,data_traditional
328,58.418,22.427,23.323,0.331,0.34,1.262,9.405,0.973,-48.342,0.962,0.986,1,2120,2051.997,210.811,data_traditional
329,33.003,-1.675,23.554,0.313,0.333,1.299,9.636,0.942,19.323,0.976,0.975,1,1974,2750.387,224.646,data_traditional
330,-40.955,14.038,23.907,0.283,0.328,1.05,9.989,0.864,-73.981,0.964,0.993,1,2589,2499.677,233.632,data_traditional
331,4.933,-5.628,24.261,0.302,0.307,1.293,10.344,0.986,-71.816,0.964,0.981,1,4204,4560.125,316.218,data_traditional
332,57.234,-20.186,23.733,0.321,0.327,1.079,9.815,0.982,1.04,0.955,0.987,1,1801,1740.426,200.41,data_traditional
333,-30.657,-23.339,24.191,0.288,0.333,1.466,10.273,0.865,-62.499,0.962,0.994,1,3631,3621.615,285.227,data_traditional
334,31.41,16.863,24.15,0.312,0.325,1.221,10.232,0.96,-22.744,0.974,0.983,1,3663,3559.082,261.57,data_traditional
335,-50.886,-0.884,23.941,0.288,0.33,1.24,10.023,0.874,-63.629,0.95,0.998,1,2144,2052.061,224.184,data_traditional
336,51.299,20.076,24.15,0.341,0.349,1.129,10.232,0.978,-53.023,0.956,0.996,1,2161,1983.441,219.539,data_traditional
337,49.992,-8.547,24.226,0.358,0.371,1.233,10.308,0.966,-36.231,0.943,0.979,1,2925,2518.993,242.643,data_traditional
338,51.138,-13.793,23.952,0.32,0.331,1.147,10.034,0.967,-35.618,0.97,0.987,1,2157,1923.874,192.849,data_traditional
339,-24.773,4.269,24.628,0.303,0.322,1.536,10.71,0.942,-77.286,0.966,0.99,1,4426,4979.165,341.542,data_traditional
340,-13.089,1.549,24.763,0.289,0.323,1.17,10.845,0.893,-69.056,0.967,0.998,1,4396,4547.802,321.136,data_traditional
341,-32.16,25.222,24.937,0.285,0.323,1.227,11.019,0.884,-78.106,0.967,0.996,1,3259,3498.792,276.771,data_traditional
342,-45.914,19.524,24.677,0.27,0.332,1.228,10.759,0.815,-59.6,0.952,0.996,1,1791,1792.459,203.077,data_traditional
343,-48.791,8.767,24.694,0.29,0.357,1.364,10.776,0.814,-65.565,0.953,0.992,1,2010,1995.053,215.029,data_traditional
344,49.444,2.914,24.859,0.323,0.335,1.204,10.941,0.964,2.014,0.965,0.973,1,2622,2550.356,238.375,data_traditional
345,-21.151,-18.883,25.092,0.284,0.338,1.254,11.174,0.842,-66.895,0.966,0.994,1,3838,4079.936,313.089,data_traditional
346,-54.28,-3.836,24.821,0.299,0.396,1.381,10.903,0.756,-64.578,0.926,0.978,1,1451,1425.312,206.71,data_traditional
347,15.607,-12.83,25.073,0.312,0.318,1.319,11.155,0.983,-25.843,0.971,0.991,1,2853,3037.483,229.4,data_traditional
348,32.273,-25.602,25.116,0.321,0.332,1.168,11.198,0.968,-35.811,0.964,0.993,1,3004,2649.237,236.407,data_traditional
349,-28.364,20.206,24.955,0.294,0.326,1.304,11.037,0.901,-89.408,0.964,0.995,1,1936,1982.703,201.407,data_traditional
350,-2.76,23.041,25.549,0.297,0.325,1.314,11.631,0.915,-82.918,0.971,0.986,1,4052,4332.183,295.506,data_traditional
351,41.534,13.335,25.313,0.316,0.333,1.09,11.396,0.948,-33.518,0.962,0.99,1,3101,2942.013,241.875,data_traditional
352,20.227,9.646,25.524,0.306,0.332,1.099,11.606,0.923,-65.082,0.967,0.997,1,3914,3958.832,309.711,data_traditional
353,-21.092,6.391,25.308,0.285,0.319,1.088,11.39,0.895,-67.31,0.961,0.995,1,2988,2931.128,238.463,data_traditional
354,7.653,-7.999,25.382,0.286,0.323,1.097,11.464,0.885,-52.214,0.931,0.993,1,3088,2673.204,272.729,data_traditional
355,9.274,18.727,25.52,0.325,0.403,1.303,11.602,0.807,75.982,0.97,0.985,1,2379,2409.712,254.305,data_traditional
356,-31.991,6.84,25.764,0.279,0.344,1.136,11.846,0.812,-71.206,0.956,0.998,1,2599,2470.386,250.05,data_traditional
357,55.395,20.371,25.492,0.335,0.365,1.538,11.574,0.918,22.628,0.952,0.972,1,1682,1656.291,193.273,data_traditional
358,-34.719,20.109,25.754,0.282,0.334,1.277,11.837,0.843,-71.473,0.962,0.995,1,2548,2471.162,230.499,data_traditional
359,52.851,-21.413,25.487,0.32,0.347,1.253,11.569,0.92,-7.356,0.962,0.985,1,2183,2031.041,211.982,data_traditional
360,-53.632,13.5,25.879,0.301,0.36,1.433,11.961,0.835,-69.37,0.948,0.995,1,1663,1628.287,209.883,data_traditional
361,7.772,1.005,26.144,0.336,0.347,1.369,12.226,0.971,56.999,0.963,0.988,1,2254,3012.22,245.385,data_traditional
362,-26.006,-24.283,26.394,0.284,0.35,1.442,12.476,0.811,-65.721,0.954,0.997,1,3529,3503.134,292.305,data_traditional
363,-4.75,5.731,26.451,0.328,0.368,1.407,12.534,0.892,-72.582,0.948,0.978,1,3320,3188.68,276.14,data_traditional
364,-22.5,-13.49,26.243,0.283,0.341,1.112,12.325,0.83,-65.722,0.96,0.997,1,2315,2190.76,222.077,data_traditional
365,-23.413,0.979,26.504,0.28,0.317,1.343,12.586,0.884,-68.53,0.911,0.993,1,3426,3366.427,383.686,data_traditional
366,8.565,-10.339,26.553,0.3,0.333,1.056,12.635,0.901,-69.967,0.967,0.993,1,3682,3412.068,265.674,data_traditional
367,-22.508,18.081,26.222,0.292,0.352,1.058,12.304,0.831,-69.293,0.958,0.995,1,1832,1661.805,191.248,data_traditional
368,-3.403,8.321,26.425,0.304,0.324,1.471,12.507,0.939,-85.272,0.956,0.983,1,2577,2673.579,250.082,data_traditional
369,54.852,25.771,26.343,0.401,0.422,1.285,12.426,0.95,2.18,0.937,0.958,1,1643,1425.965,79.405,data_traditional
370,-52.07,-3.987,25.995,0.267,0.352,1.178,12.077,0.76,-51.243,0.926,0.996,1,1266,1146.015,188.061,data_traditional
371,-6.718,-7.312,26.752,0.283,0.34,1.122,12.834,0.835,-71.045,0.951,0.994,1,3002,2615.697,252.524,data_traditional
372,-50.646,-20.126,26.771,0.281,0.363,1.52,12.853,0.776,-58.554,0.934,0.996,1,1613,1661.802,219.077,data_traditional
373,-51.179,15.2,26.905,0.28,0.341,1.206,12.987,0.822,-60.422,0.945,0.997,1,1819,1611.36,219.231,data_traditional
374,-48.402,6.761,26.608,0.301,0.346,1.433,12.69,0.869,-78.534,0.947,0.997,1,1241,1174.915,183.001,data_traditional
375,51.521,-23.741,26.94,0.326,0.366,1.09,13.022,0.89,-18.845,0.974,0.994,1,1878,1804.662,184.807,data_traditional
376,51.027,-5.106,26.928,0.335,0.34,1.015,13.01,0.987,89.226,0.959,0.993,1,1437,1402.881,187.997,data_traditional
